{
    "last_conditional": 0.009741765125073153,
    "last_residual": -0.023234405559772124,
    "mu": 0.00027166483585610364,
    "omega": 7.3436974171467535e-06,
    "alpha": 0.06468018760875571,
    "beta": 0.8635086722665435
}