{
    "original": {
        "last_conditional": 0.031208666543622296,
        "last_residual": 0.0022581628912851292,
        "mu": 0.0026604519382046133,
        "omega": 3.365783723444362e-05,
        "alpha": 0.08810909153989484,
        "beta": 0.9000440069288875
    },
    "exponential": {
        "last_conditional": 31208666543622296,
        "last_residual": 2258162891285129,
        "mu": 2660451938204613,
        "omega": 33657837234443,
        "alpha": 88109091539894832,
        "beta": 900044006928887552
    }
}