{
    "last_conditional": 0.031208666543622296,
    "last_residual": 0.0022581628912851292,
    "mu": 0.0026604519382046133,
    "omega": 3.365783723444362e-05,
    "alpha": 0.08810909153989484,
    "beta": 0.9000440069288875
}